2011,1,Sim,Sim,Não,Sim,3650000,10000,Indústria,Montenegro,Em operação,-29.688137,-51.541704,RS
2008,2,Não,Sim,Não,Não,273750,750,Agropecuária,São Miguel do Iguaçu,Em operação,-25.497413,-54.224921,PR
2013,3,Não,Sim,Não,Não,4555200,12480,RSU e Estação de Tratamento de Esgoto,Itajaí,Em operação,-26.975216,-48.704495,SC
2014,4,Não,Sim,Não,Não,41610000,114000,RSU e Estação de Tratamento de Esgoto,São Paulo,Em operação,-23.420841,-46.758413,SP
2013,5,Não,Não,Não,Sim,17520000,48000,RSU e Estação de Tratamento de Esgoto,Duque de Caxias,Em reforma,-22.749928,-43.26666,RJ
2015,6,Não,Não,Não,Sim,5475000,15000,RSU e Estação de Tratamento de Esgoto,São Pedro da Aldeia,Em operação,-22.826209,-42.053114,RJ
2014,7,Não,Sim,Não,Não,21900000,60000,RSU e Estação de Tratamento de Esgoto,Guatapará,Em operação,-21.393423,-47.954038,SP
2013,9,Não,Sim,Não,Não,3737600,10240,RSU e Estação de Tratamento de Esgoto,Juiz de Fora,Em operação,-21.62137,-43.432416,MG
2011,11,Não,Sim,Não,Não,584000,1600,Agropecuária,Videira,Em operação,-27.043845,-51.093502,SC
2008,12,Sim,Sim,Não,Não,178776,489.8,Agropecuária,Ituiutaba,Em operação,-18.959844,-49.499994,MG
2008,13,Sim,Sim,Não,Não,471521,1291.8,Agropecuária,Patrocínio,Em operação,-18.933317,-47.049831,MG
2011,15,Sim,Sim,Não,Não,16425000,45000,RSU e Estação de Tratamento de Esgoto,Uberlândia,Em operação,-18.882138,-48.32036,MG
2011,16,Sim,Sim,Não,Não,2920000,8000,RSU e Estação de Tratamento de Esgoto,Ribeirão Preto,Em operação,-21.105573,-47.811316,SP
2013,17,Sim,Sim,Não,Não,43800000,120000,RSU e Estação de Tratamento de Esgoto,Belo Horizonte,Em operação,-19.912755,-44.013333,MG
2009,18,Sim,Sim,Não,Não,4536950,12430,RSU e Estação de Tratamento de Esgoto,Belo Horizonte,Em operação,-19.895424,-43.877099,MG
2015,19,Sim,Não,Não,Não,20440000,56000,RSU e Estação de Tratamento de Esgoto,Barueri,Em reforma,-23.513564,-46.844802,SP
2008,20,Sim,Sim,Não,Não,131400000,360000,RSU e Estação de Tratamento de Esgoto,São Paulo,Em operação,-23.634578,-46.42598,SP
2010,21,Sim,Sim,Não,Não,4380000,12000,RSU e Estação de Tratamento de Esgoto,Salvador,Em operação,-12.859293,-38.369322,BA
2012,23,Sim,Não,Não,Não,2190000,6000,Indústria,Matelândia,Em operação,-25.205038,-53.951519,PR
2015,24,Não,Sim,Não,Não,589960,1616.3,Agropecuária,Serranópolis do Iguaçu,Em operação,-25.418548,-54.067251,PR
2016,25,Não,Sim,Não,Não,18250,50,RSU e Estação de Tratamento de Esgoto,Foz do Iguaçu,Em operação,-25.561696,-54.589466,PR
2006,26,Não,Sim,Não,Não,525600,1440,Agropecuária,Céu Azul,Em operação,-25.045775,-53.783244,PR
2004,27,Não,Sim,Não,Não,201123,551,Agropecuária,Abelardo Luz,Em operação,-26.588122,-52.211965,SC
2009,28,Sim,Não,Não,Não,109500,300,Agropecuária,Marechal Cândido Rondon,Em operação,-24.58041,-54.114652,PR
2017,29,Não,Sim,Não,Não,341908,936.7,Agropecuária,Itaipulândia,Em operação,-25.148095,-54.340656,PR
2013,30,Sim,Sim,Não,Não,365000,1000,Agropecuária,Santa Helena,Em operação,-24.969776,-54.232113,PR
2012,31,Sim,Não,Não,Não,3750000,15000,Indústria,Terra Roxa,Em operação,-24.198267,-53.984124,PR
2011,32,Sim,Não,Não,Não,5000000,20000,Indústria,Assis Chateaubriand,Em operação,-24.261422,-53.549197,PR
2015,33,Não,Sim,Não,Não,355920,975.1,Agropecuária,Entre Rios do Oeste,Em operação,-24.711407,-54.238853,PR
2012,34,Sim,Não,Não,Não,4200000,16800,Indústria,Altônia,Em operação,-23.924448,-53.852255,PR
2012,35,Sim,Não,Não,Não,1850000,7400,Indústria,São Tomé,Em operação,-23.542408,-52.649456,PR
2012,36,Sim,Não,Não,Não,1850000,7400,Indústria,Tamboara,Em operação,-23.150467,-52.483862,PR
2012,37,Sim,Não,Não,Não,3700000,14800,Indústria,Amaporã,Em operação,-23.067191,-52.82716,PR
2014,38,Sim,Não,Não,Não,4162500,16650,Indústria,Icaraíma,Em operação,-23.372122,-53.66841,PR
2014,39,Sim,Não,Não,Não,1850000,7400,Indústria,Santa Cruz de Monte Castelo,Em operação,-22.956884,-53.322769,PR
2014,40,Sim,Não,Não,Não,3237500,12950,Indústria,Nova Londrina,Em operação,-22.74781,-53.007167,PR
2013,41,Sim,Não,Não,Não,937500,3750,Indústria,Cianorte,Em operação,-23.910244,-52.619361,PR
2014,42,Sim,Não,Não,Não,3237500,12950,Indústria,Missal,Em operação,-25.051258,-54.254332,PR
2010,43,Sim,Não,Não,Não,2700000,10800,Indústria,Marechal Cândido Rondon,Em operação,-24.481281,-54.026648,PR
2013,44,Sim,Não,Não,Não,1850000,7400,Indústria,Guaíra,Em operação,-24.131168,-54.24134,PR
2012,45,Sim,Sim,Não,Não,2775000,11100,Indústria,Nova Esperança,Em operação,-23.17747,-52.181074,PR
2013,46,Sim,Não,Não,Não,1850000,7400,Indústria,Nova Andradina,Em operação,-22.30361,-53.362237,MS
2012,47,Sim,Não,Não,Não,3700000,14800,Indústria,Naviraí,Em operação,-23.101061,-54.189431,MS
2013,48,Sim,Não,Não,Não,750000,3000,Indústria,Palmital,Em operação,-22.774106,-50.206076,SP
2015,49,Sim,Não,Não,Não,5550000,22200,Indústria,Naviraí,Em operação,-22.997838,-54.365514,MS
2014,50,Sim,Não,Não,Não,937500,3750,Indústria,Ocauçu,Em operação,-22.450077,-49.930532,SP
2012,51,Sim,Não,Não,Não,1480000,5920,Indústria,Ibirarema,Em operação,-22.788958,-50.10291,SP
2013,52,Sim,Não,Não,Não,2775000,11100,Indústria,Paranavaí,Em operação,-23.064154,-52.60432,PR
2013,53,Sim,Não,Não,Não,1665000,6660,Indústria,Nova Santa Rosa,Em reforma,-24.427186,-53.977442,PR
2014,54,Sim,Não,Não,Não,1665000,6660,Indústria,Cândido Mota,Em operação,-22.737744,-50.366301,SP
2014,55,Sim,Não,Não,Não,925000,3700,Indústria,Cândido Mota,Em operação,-22.736724,-50.365568,SP
2013,56,Sim,Não,Não,Não,1202500,4810,Indústria,Santo Antônio de Jesus,Em operação,-13.093812,-39.279059,BA
2013,57,Sim,Não,Não,Não,1387500,5550,Indústria,Sete Quedas,Em operação,-23.96619,-55.014902,MS
2014,58,Sim,Não,Não,Não,500000,2000,Indústria,Campo Mourão,Em operação,-23.966527,-52.570058,PR
2012,59,Sim,Não,Não,Não,750000,3000,Indústria,Assis Chateaubriand,Em operação,-24.385782,-53.573496,PR
2015,60,Sim,Sim,Não,Não,730000,2000,Agropecuária,Itapiranga,Em implantação,-27.150323,-53.698382,SC
2005,61,Sim,Sim,Não,Não,156429,428.6,Agropecuária,Oliveira,Em operação,-20.849301,-44.809751,MG
2012,63,Sim,Não,Não,Não,200940,550.5,Agropecuária,Vacaria,Em operação,-28.405793,-50.89562,RS
2004,65,Não,Sim,Sim,Não,134082,367.3,Agropecuária,Piranga,Em operação,-20.695642,-43.222901,MG
2019,66,Sim,Não,Sim,Não,5961660,16333.3,Agropecuária,Faxinal dos Guedes,Em operação,-26.85797,-52.302674,SC
2005,67,Não,Sim,Sim,Não,205592,563.3,Agropecuária,Toledo,Em operação,-24.782493,-53.761721,PR
2013,70,Não,Sim,Não,Não,171625,470.2,Agropecuária,São Martinho,Em operação,-27.685574,-53.963793,RS
2013,71,Sim,Sim,Não,Sim,438000,1200,Agropecuária,Castro,Em operação,-24.797741,-49.892134,PR
2008,73,Não,Sim,Não,Não,178776,489.8,Agropecuária,Selbach,Em operação,-28.676692,-52.936609,RS
2010,74,Não,Sim,Não,Não,343249,940.4,Agropecuária,Carlos Barbosa,Em operação,-29.313824,-51.476107,RS
2009,76,Sim,Sim,Não,Não,320328,877.6,Agropecuária,Campos Novos,Em operação,-27.466978,-51.219313,SC
2007,77,Sim,Não,Não,Não,605064,1657.7,Agropecuária,Campos Novos,Em operação,-27.378611,-51.041744,SC
2003,78,Sim,Não,Não,Não,907596,2486.6,Agropecuária,Campos Novos,Em operação,-27.345001,-50.98956,SC
2019,79,Sim,Sim,Não,Não,511000,1400,Agropecuária,Palma Sola,Em operação,-26.28675,-53.29116,SC
2018,80,Não,Sim,Não,Não,410469,1124.6,Agropecuária,Chapecó,Em operação,-27.071852,-52.714916,SC
2015,81,Não,Sim,Não,Não,27354,74.9,Agropecuária,Pirassununga,Em reforma,-21.92714,-47.351569,SP
2006,82,Não,Sim,Não,Não,107265,293.9,Agropecuária,Vera Cruz do Oeste,Em operação,-24.925563,-54.003707,PR
2008,83,Sim,Não,Não,Não,2000000,10000,Indústria,Pradópolis,Em operação,-21.31824,-48.1274,SP
2015,84,Não,Não,Sim,Não,135800,372.1,Agropecuária,Uberlândia,Em operação,-18.854113,-48.410677,MG
2013,85,Não,Sim,Não,Não,182500,500,Agropecuária,Entre Rios do Oeste,Em operação,-24.719209,-54.226241,PR
2006,86,Não,Sim,Não,Não,803000,2200,Agropecuária,São Miguel do Iguaçu,Em operação,-25.376318,-54.159196,PR
2011,87,Sim,Não,Sim,Não,465600,1275.6,Agropecuária,Quatro Pontes,Em operação,-24.5992,-53.985789,PR
2011,88,Não,Sim,Não,Não,7000000,35000,Indústria,Tamboara,Em operação,-23.197778,-52.498056,PR
2015,89,Não,Sim,Sim,Não,438000,1200,Agropecuária,Rondonópolis,Em operação,-16.898099,-54.813353,MT
2014,93,Não,Sim,Não,Não,446939,1224.5,Agropecuária,Gameleira de Goiás,Em operação,-16.424602,-48.800509,GO
2015,94,Não,Sim,Não,Não,52560000,144000,RSU e Estação de Tratamento de Esgoto,Minas do Leão,Em operação,-30.147873,-52.026143,RS
2018,96,Não,Não,Não,Sim,52560000,144000,RSU e Estação de Tratamento de Esgoto,Seropédica,Em operação,-22.788352,-43.763101,RJ
2018,97,Não,Sim,Não,Não,182360,499.6,Agropecuária,Dois Vizinhos,Em operação,-25.74319,-53.080619,PR
2011,98,Não,Sim,Não,Não,58400,160,Agropecuária,Tucunduva,Em operação,-27.588237,-54.460678,RS
2012,99,Sim,Não,Não,Não,7300,20,Agropecuária,Três de Maio,Em operação,-27.786445,-54.247919,RS
2013,101,Não,Sim,Não,Não,201123,551,Agropecuária,Santo Cristo,Em operação,-27.802,-54.609,RS
2012,102,Sim,Não,Não,Não,876000,2400,Indústria,Medianeira,Em operação,-25.284769,-54.10452,PR
2011,104,Não,Não,Não,Sim,189800,520,RSU e Estação de Tratamento de Esgoto,Foz do Iguaçu,Em operação,-25.436775,-54.597337,PR
2008,107,Não,Sim,Sim,Não,178776,489.8,Agropecuária,Papanduva,Em operação,-26.287193,-50.186936,SC
2015,108,Não,Sim,Não,Não,272628,746.9,Agropecuária,Rio Verde,Em reforma,-18.036611,-50.073778,GO
2006,109,Não,Não,Sim,Não,1014372,2779.1,Agropecuária,Papanduva,Em operação,-26.351768,-50.277615,SC
2005,111,Não,Sim,Não,Não,143021,391.8,Agropecuária,Toledo,Em operação,-24.771823,-53.725268,PR
2015,112,Não,Sim,Não,Não,1072654,2938.8,Agropecuária,Patos de Minas,Em operação,-18.747986,-46.662169,MG
2013,114,Sim,Não,Não,Não,3504000,9600,Indústria,Mococa,Em operação,-21.450556,-47.004189,SP
2008,115,Sim,Não,Não,Não,5256000,14400,Indústria,Maringá,Em operação,-23.306643,-51.894147,PR
2014,116,Sim,Não,Não,Não,3000000,12000,Indústria,Planaltina do Paraná,Em reforma,-23.008799,-52.95712,PR
2012,117,Não,Sim,Não,Não,171625,470.2,Agropecuária,Cascavel,Em operação,-24.957778,-53.459444,PR
2015,118,Sim,Não,Não,Não,832200,2280,Indústria,Maringá,Em operação,-23.524938,-52.030746,PR
2005,119,Sim,Sim,Não,Não,5292500,14500,Indústria,Valinhos,Em operação,-23.026323,-47.036117,SP
2015,122,Não,Sim,Não,Não,597273,1636.4,RSU e Estação de Tratamento de Esgoto,Cascavel,Em operação,-24.851692,-53.486171,PR
2015,124,Sim,Sim,Não,Não,70080000,192000,RSU e Estação de Tratamento de Esgoto,Mauá,Em operação,-23.708686,-46.475,SP
2016,126,Não,Sim,Não,Não,22712291,62225.5,RSU e Estação de Tratamento de Esgoto,Santana de Parnaíba,Em operação,-23.41471,-46.963336,SP
2015,127,Não,Sim,Não,Não,71510,195.9,Agropecuária,Andradas,Em reforma,-22.09818,-46.577177,MG
2014,141,Não,Sim,Não,Não,965389,2644.9,Agropecuária,São Gabriel do Oeste,Em operação,-19.252762,-54.729795,MS
2018,144,Sim,Sim,Sim,Não,100375,275,Agropecuária,Campina da Lagoa,Em operação,-24.593319,-52.804078,PR
2018,146,Não,Sim,Não,Não,63826,174.9,Agropecuária,Irati,Em operação,-25.474922,-50.650356,PR
2015,147,Não,Sim,Não,Não,1094160,2997.7,Agropecuária,Lavras,Em operação,-21.24833,-45.001111,MG
2015,148,Não,sim,Não,Não,117650782,322330.9,RSU e Estação de Tratamento de Esgoto,Caieiras,Em operação,-23.349683,-46.773412,SP
2012,151,Sim,Sim,Não,Não,182500,500,Agropecuária,Toledo,Em operação,-24.486373,-53.81849,PR
2015,152,Não,Sim,Não,Não,73000,200,Agropecuária,Coronel Pacheco,Em operação,-21.554643,-43.262622,MG
2019,153,Sim,Sim,Não,Não,24671,67.6,Agropecuária,Braço do Norte,Em operação,-28.279167,-49.1575,SC
2015,154,Não,Sim,Não,Não,812490,2226,RSU e Estação de Tratamento de Esgoto,Feira de Santana,Em operação,-12.2626,-38.988396,BA
2015,155,Não,Sim,Não,Não,796364,2181.8,RSU e Estação de Tratamento de Esgoto,Caruaru,Em operação,-8.283245,-35.937399,PE
2015,158,Não,Sim,Não,Não,57208,156.7,Agropecuária,Palmeiras do Tocantins,Em reforma,-6.606744,-47.631217,TO
2009,159,Sim,Sim,Não,Não,365000,1000,Indústria,Lagoa da Prata,Em operação,-20.003027,-45.539382,MG
2015,160,Sim,Não,Não,Não,109500,300,Agropecuária,Toledo,Em operação,-24.580194,-53.76705,PR
2016,161,Sim,Sim,Sim,Não,49163,134.7,Agropecuária,Mariluz,Em operação,-24.01308,-53.14831,PR
2015,162,Sim,Não,Não,Não,51100,140,Agropecuária,Bom Retiro do Sul,Em reforma,-29.654291,-51.904281,RS
2015,163,Sim,Não,Não,Não,1131500,3100,RSU e Estação de Tratamento de Esgoto,Betim,Em operação,-19.970482,-44.225353,MG
2015,164,Não,Sim,Não,Não,365000,1000,RSU e Estação de Tratamento de Esgoto,Ibirité,Em reforma,-20.02556,-44.057222,MG
2014,165,Sim,Não,Não,Não,1839600,5040,RSU e Estação de Tratamento de Esgoto,Montes Claros,Em operação,-16.6862,-43.853542,MG
2015,166,Sim,Não,Não,Não,157680,432,RSU e Estação de Tratamento de Esgoto,Pouso Alegre,Em reforma,-22.2211,-45.89121,MG
2018,167,Não,Sim,Sim,Não,1716246,4702,Agropecuária,Lucas do Rio Verde,Em operação,-12.374087,-56.221371,MT
2018,168,Não,Sim,Não,Não,2234696,6122.5,Agropecuária,Tapurah,Em operação,-12.74306,-56.511667,MT
2008,169,Não,Sim,Não,Não,858123,2351,Agropecuária,Vera,Em operação,-12.315648,-55.453134,MT
2015,170,Não,Sim,Não,Não,167602,459.2,Agropecuária,Nova Ponte,Em operação,-19.22611,-47.724167,MG
2016,171,Não,Sim,Não,Não,1460000,4000,Agropecuária,Serra do Salitre,Em operação,-19.109472,-46.679633,MG
2018,172,Não,Sim,Não,Não,1825000,5000,Agropecuária,Vargeão,Em operação,-26.831315,-52.124798,SC
2006,173,Sim,Não,Não,Não,364720,999.2,Agropecuária,Campo Verde,Em operação,-15.4364,-54.833457,MT
2015,175,Não,Sim,Sim,Não,291776,799.4,Agropecuária,Itiquira,Em operação,-17.454189,-54.469335,MT
2015,179,Não,Sim,Não,Não,143021,391.8,Agropecuária,Ouro Verde do Oeste,Em operação,-24.799878,-53.85699,PR
2016,183,Não,Sim,Não,Não,127378,349,Agropecuária,Campo Mourão,Em operação,-24.321213,-52.372698,PR
2015,185,Não,Sim,Não,Não,54708,149.9,Agropecuária,Entre Rios do Oeste,Em operação,-24.723347,-54.234651,PR
2018,187,Não,Sim,Não,Não,812490,2226,RSU e Estação de Tratamento de Esgoto,Camaragibe,Em operação,-8.015229,-34.97765,PE
2015,188,Não,Não,Sim,Não,252200,691,Agropecuária,Uberlândia,Em operação,-18.926892,-48.380452,MG
2015,189,Não,Não,Sim,Não,100880,276.4,Agropecuária,Uberlândia,Em operação,-18.9468,-48.470117,MG
2015,190,Sim,Não,Sim,Não,378000,1035.6,Agropecuária,Irani,Em operação,-27.008144,-51.921117,SC
2015,191,Sim,Não,Sim,Não,370800,1015.9,Agropecuária,Irani,Em operação,-26.998537,-51.918008,SC
2015,192,Sim,Não,Sim,Não,280800,769.3,Agropecuária,Faxinal dos Guedes,Em operação,-26.816869,-52.194633,SC
2015,193,Sim,Não,Sim,Não,90000,246.6,Agropecuária,Catanduvas,Em operação,-27.06944,-51.660278,SC
2015,194,Não,Não,Sim,Não,61200,167.7,Agropecuária,Toledo,Em operação,-24.592272,-53.848566,PR
2015,196,Não,Sim,Não,Não,255500,700,Agropecuária,Marechal Cândido Rondon,Em operação,-24.55639,-54.057778,PR
2016,200,Sim,Não,Não,Não,2000000,8000,Indústria,Cidade Gaúcha,Em operação,-23.359483,-52.935864,PR
2016,201,Sim,Não,Não,Não,875000,3500,Indústria,Cianorte,Em operação,-23.709523,-52.623661,PR
2016,202,Sim,Não,Não,Não,2000000,8000,Indústria,São Pedro do Turvo,Em operação,-22.743619,-49.696577,SP
2016,203,Sim,Não,Não,Não,1000000,4000,Indústria,Tapira,Em operação,-23.270526,-53.047539,PR
2016,204,Sim,Não,Não,Não,1500000,6000,Indústria,Guairaçá,Em operação,-22.93778,-52.686667,PR
2016,205,Sim,Não,Não,Não,3750000,15000,Indústria,Maria Helena,Em operação,-23.598593,-53.202346,PR
2016,206,Sim,Não,Não,Não,1250000,5000,Indústria,Amaporã,Em operação,-23.102003,-52.817829,PR
2016,207,Sim,Não,Não,Não,1377500,5510,Indústria,Santa Mônica,Em operação,-23.103653,-53.125648,PR
2016,208,Sim,Não,Não,Não,1836750,7347,Indústria,Araruna,Em operação,-23.977008,-52.551584,PR
2017,210,Não,Sim,Não,Não,167602,459.2,Agropecuária,Araguari,Em operação,-18.6427,-48.2454,MG
2016,211,Não,Sim,Não,Não,308388,844.9,Agropecuária,Brasília,Em operação,-15.82667,-47.921667,DF
2017,212,Não,Sim,Não,Não,167602,459.2,Agropecuária,Cabo Verde,Em operação,-21.49139,-46.400833,MG
2017,213,Não,Sim,Não,Não,589960,1616.3,Agropecuária,Carmo do Paranaíba,Em operação,-19.00111,-46.309167,MG
2017,214,Não,Sim,Não,Não,165367,453.1,Agropecuária,Elias Fausto,Em operação,-23.043056,-47.368611,SP
2017,216,Não,Sim,Não,Não,168049,460.4,Agropecuária,Iraí de Minas,Em operação,-18.985,-47.464722,MG
2016,218,Não,Sim,Sim,Não,730000,2000,Agropecuária,Jequeri,Em operação,-20.3848,-42.671,MG
2017,219,Não,Sim,Não,Não,214531,587.8,Agropecuária,Jequeri,Em operação,-20.45444,-42.665278,MG
2017,220,Não,Sim,Não,Não,167602,459.2,Agropecuária,Jequeri,Em operação,-20.35083,-42.74,MG
2017,221,Não,Sim,Não,Não,214352,587.3,Agropecuária,Jequeri,Em operação,-20.45444,-42.665278,MG
2016,222,Não,Sim,Não,Não,446939,1224.5,Agropecuária,Jequeri,Em operação,-20.3621,-42.678,MG
2016,223,Não,Sim,Não,Não,295650,810,Agropecuária,Lauro Muller,Em operação,-28.39167,-49.395833,SC
2018,224,Não,Sim,Não,Não,134082,367.3,Agropecuária,Leópolis,Em operação,-23.025438,-50.665157,PR
2016,225,Não,Sim,Não,Não,335204,918.4,Agropecuária,Lima Duarte,Em operação,-21.8673,-42.8953,MG
2017,229,Não,Sim,Não,Não,167602,459.2,Agropecuária,Monte Azul Paulista,Em operação,-20.90694,-48.639167,SP
2017,230,Não,Sim,Não,Não,134082,367.3,Agropecuária,Monte Belo,Em operação,-21.32194,-46.368611,MG
2017,231,Sim,Sim,Não,Não,1351544,3702.9,Agropecuária,Nova Esperança,Em operação,-23.17982,-52.182998,PR
2016,232,Não,Sim,Não,Não,167602,459.2,Agropecuária,Onça de Pitangui,Em operação,-19.7633,-44.7932,MG
2017,233,Não,Sim,Não,Não,167602,459.2,Agropecuária,Oratórios,Em operação,-20.426117,-42.8176,MG
2017,234,Não,Sim,Não,Não,189949,520.4,Agropecuária,Palmeiras do Tocantins,Em operação,-6.613889,-47.561111,TO
2017,235,Não,Sim,Não,Não,134082,367.3,Agropecuária,Pará de Minas,Em operação,-19.86,-44.6075,MG
2017,236,Não,Sim,Não,Não,134082,367.3,Agropecuária,Pará de Minas,Em operação,-19.8019,-44.6369,MG
2016,238,Não,Sim,Não,Não,268163,734.7,Agropecuária,Pará de Minas,Em operação,-19.85,-44.5515,MG
2016,239,Sim,Sim,Sim,Não,214531,587.8,Agropecuária,Patrocínio,Em operação,-18.87,-46.9018,MG
2019,240,Não,Sim,Não,Não,93857,257.1,Agropecuária,Pedras Grandes,Em operação,-28.574696,-49.245261,SC
2019,241,Não,Sim,Não,Não,391519,1072.7,Agropecuária,Perdizes,Em operação,-19.35167,-47.291389,MG
2016,242,Não,Sim ,Não,Não,589960,1616.3,Agropecuária,Piedade de Ponte Nova,Em operação,-20.24528,-42.734444,MG
2017,243,Não,Sim ,Não,Não,134082,367.3,Agropecuária,Piedade de Ponte Nova,Em operação,-20.2374,-42.7411,MG
2017,244,Não,Sim ,Não,Não,168049,460.4,Agropecuária,Piranga,Em operação,-20.683889,-43.296944,MG
2017,245,Não,Sim,Não,Não,589960,1616.3,Agropecuária,Piranga,Em operação,-20.683889,-43.296944,MG
2017,246,Não,Sim,Não,Não,167602,459.2,Agropecuária,Piranga,Em operação,-20.683889,-43.296944,MG
2014,247,Não,Sim,Não,Não,124100,340,Agropecuária,Pomerode,Em operação,-26.7375,-49.174167,SC
2016,248,Não,Sim,Não,Não,589960,1616.3,Agropecuária,Presidente Olegário,Em operação,-18.415833,-46.418611,MG
2016,249,Não,Sim,Não,Não,167602,459.2,Agropecuária,Rebouças,Em operação,-25.62361,-50.686667,PR
2017,250,Não,Sim,Não,Não,167602,459.2,Agropecuária,Rio Casca,Em operação,-20.225556,-42.649444,MG
2015,251,Não,Sim,Não,Não,268163,734.7,Agropecuária,Rio Verde,Em operação,-17.7925,-50.919444,GO
2015,252,Não,Sim,Não,Não,456146,1249.7,Agropecuária,Rio Verde,Em operação,-18.2301,-51.1015,GO
2017,253,Não,Sim,Não,Não,172072,471.4,Agropecuária,Rio Verde,Em operação,-17.7925,-50.919444,GO
2017,254,Não,Sim,Não,Não,167602,459.2,Agropecuária,Santa Cruz do Escalvado,Em operação,-20.235556,-42.814444,MG
2016,255,Não,Sim,Não,Não,166261,455.5,Agropecuária,São José da Varginha,Em operação,-19.70694,-44.557778,MG
2015,257,Não,Sim,Não,Não,150842,413.3,Agropecuária,Sorriso,Em operação,-13.2,-55.835,MT
2019,258,Não,Sim,Não,Não,1743063,4775.5,Agropecuária,Sorriso,Em operação,-12.54667,-55.726389,MT
2016,259,Sim,Sim,Não,Não,1117348,3061.2,Agropecuária,Tapurah,Em operação,-12.609,-56.444,MT
2019,260,Não,Sim,Não,Não,3486125,9551,Agropecuária,Tapurah,Em operação,-12.743056,-56.511667,MT
2017,261,Não,Sim,Não,Não,429062,1175.5,Agropecuária,Teixeiras,Em operação,-20.6028,-42.9058,MG
2017,262,Não,Sim,Não,Não,429062,1175.5,Agropecuária,Teixeiras,Em operação,-20.5687,-42.8617,MG
2016,263,Não,Sim,Não,Não,223470,612.2,Agropecuária,Três Passos,Em operação,-27.45583,-53.93,RS
2016,264,Não,Sim,Não,Não,286041,783.7,Agropecuária,Uberlândia,Em operação,-18.9636,-48.4571,MG
2015,265,Não,Sim,Não,Não,345253,945.9,Indústria,Uberlândia,Em operação,-18.9125,-48.275278,MG
2019,266,Não,Sim,Não,Não,178776,489.8,Agropecuária,Uberlândia,Em operação,-19.343,-48.991,MG
2016,267,Não,Sim,Não,Não,167602,459.2,Agropecuária,Urucânia,Em operação,-20.3654,-42.7321,MG
2017,268,Não,Sim,Não,Não,469286,1285.7,Agropecuária,Urucânia,Em operação,-20.3551,-42.7017,MG
2016,269,Não,Sim,Não,Não,134082,367.3,Agropecuária,Varjão de Minas,Em operação,-18.377778,-46.031389,MG
2018,270,Não,Sim,Não,Não,167602,459.2,Agropecuária,Santa Juliana,Em operação,-19.318,-47.548,MG
2018,271,Não,Sim,Não,Não,88494,242.4,Agropecuária,Ipuaçu,Em operação,-26.69528,-52.467778,SC
2018,272,Não,Sim,Não,Não,165949,454.7,Agropecuária,Coronel Macedo,Em operação,-23.62639,-49.310278,SP
2018,274,Não,Sim,Não,Não,194865,533.9,Agropecuária,Pará de Minas,Em operação,-19.86,-44.6075,MG
2018,276,Sim,Sim,Não,Não,328500,900,Agropecuária,Cachoeiro de Itapemirim,Em operação,-20.674392,-41.247907,ES
2018,277,Não,Sim,Não,Não,167602,459.2,Agropecuária,Ponte Nova,Em operação,-20.4,-42.89,MG
2018,278,Não,Sim,Não,Não,167602,459.2,Agropecuária,Elói Mendes,Em operação,-21.60972,-45.566111,MG
2018,279,Não,Sim,Não,Não,167602,459.2,Agropecuária,Jequeri,Em operação,-20.36,-42.6923,MG
2018,280,Não,Sim,Não,Não,132294,362.4,Agropecuária,Pinhalão,Em operação,-23.769,-50.0501,PR
2018,281,Não,Sim,Não,Não,292000,800,Agropecuária,Conceição do Pará,Em operação,-19.74611,-44.894722,MG
2018,282,Não,Sim,Não,Não,139668,382.7,Agropecuária,Inhumas,Em operação,-16.373056,-49.491667,GO
2018,283,Não,Sim,Não,Não,168049,460.4,Agropecuária,Ituiutaba,Em operação,-19.0609,-49.6536,MG
2017,284,Não,Sim,Não,Não,26280000,72000,RSU e Estação de Tratamento de Esgoto,Sabará,Em operação,-19.850574,-43.844386,MG
2018,285,Não,Não,Não,Sim,912500,2500,RSU e Estação de Tratamento de Esgoto,Franca,Em operação,-20.560737,-47.419676,SP
2018,286,Não,Sim,Não,Não,9548400,26160,RSU e Estação de Tratamento de Esgoto,São José dos Pinhais,Em operação,-25.515466,-49.214454,PR
2018,287,Não,Sim,Não,Não,938572,2571.4,Agropecuária,Brasília,Em operação,-15.62139,-47.651944,DF
2018,289,Não,Sim,Não,Não,521429,1428.6,Agropecuária,Pouso Alto,Em operação,-22.231378,-44.932396,MG
2018,292,Não,Sim,Não,Não,167602,459.2,Agropecuária,Abre Campo,Em operação,-20.2672,-42.4703,MG
2016,293,Não,Sim,Não,Não,469286,1285.7,Agropecuária,Lagoa Dourada,Em operação,-20.91472,-44.075278,MG
2017,294,Não,Sim,Não,Não,502807,1377.6,Agropecuária,Corinto,Em operação,-18.364444,-44.451944,MG
2018,296,Não,Sim,Não,Não,167602,459.2,Agropecuária,Piranga,Em operação,-20.68389,-43.296944,MG
2018,298,Não,Sim,Não,Não,167602,459.2,Agropecuária,Pinhalão,Em operação,-23.920556,-50.080278,PR
2018,300,Não,Sim,Não,Não,167602,459.2,Agropecuária,Santa Juliana,Em operação,-19.2458,-47.6122,MG
2018,301,Não,Sim,Não,Não,335204,918.4,Agropecuária,Colina,Em operação,-20.7044,-48.4831,SP
2018,302,Não,Sim,Não,Não,167602,459.2,Agropecuária,Coronel Macedo,Em operação,-23.6633,-49.2528,SP
2016,303,Não,Sim,Não,Não,1430205,3918.4,Agropecuária,Patos de Minas,Em operação,-18.4362,-46.052,MG
2018,304,Não,Sim,Não,Não,167602,459.2,Agropecuária,Jequeri,Em operação,-20.4221,-42.6635,MG
2018,305,Não,Sim,Não,Não,357551,979.6,Agropecuária,Rio Verde,Em operação,-18.1674,-51.0847,GO
2018,306,Não,Sim,Não,Não,446939,1224.5,Agropecuária,Rio Verde,Em operação,-17.7925,-50.919444,GO
2018,307,Não,Sim,Não,Não,292000,800,Agropecuária,Cafelândia,Em operação,-24.618333,-53.321111,PR
2018,308,Não,Sim,Não,Não,446939,1224.5,Agropecuária,Patos de Minas,Em operação,-18.75013,-46.62174,MG
2018,309,Não,Sim,Não,Não,446939,1224.5,Agropecuária,Presidente Olegário,Em operação,-18.33167,-46.47,MG
2018,310,Não,Sim,Não,Não,502807,1377.6,Agropecuária,Perdizes,Em operação,-19.35167,-47.291389,MG
2018,311,Não,Sim,Não,Não,558674,1530.6,Agropecuária,Patrocínio,Em operação,-18.93778,-46.994167,MG
2018,312,Não,Sim,Não,Não,167602,459.2,Agropecuária,Jequeri,Em operação,-20.45444,-42.665278,MG
2018,313,Não,Sim,Não,Não,446939,1224.5,Agropecuária,Coromandel,Em operação,-18.478611,-47.197778,MG
2018,314,Não,Sim,Não,Não,335204,918.4,Agropecuária,Passos,Em operação,-20.721944,-46.613333,MG
2018,315,Não,Sim,Não,Não,446939,1224.5,Agropecuária,Jequeri,Em operação,-20.45444,-42.665278,MG
2019,316,Não,Sim,Não,Não,1117348,3061.2,Agropecuária,Santa Vitória,Em operação,-18.84722,-50.123889,MG
2018,317,Não,Sim,Não,Não,167602,459.2,Agropecuária,Abre Campo,Em operação,-20.3,-42.474444,MG
2018,318,Não,Sim,Não,Não,670409,1836.7,Agropecuária,Urucânia,Em operação,-20.35083,-42.74,MG
2018,319,Não,Sim,Não,Não,167602,459.2,Agropecuária,Coromandel,Em operação,-18.475213,-47.21965,MG
2018,320,Não,Sim,Não,Não,167602,459.2,Agropecuária,Coromandel,Em operação,-18.47861,-47.197778,MG
2018,321,Não,Sim,Não,Não,558674,1530.6,Agropecuária,Pará de Minas,Em operação,-19.86,-44.6075,MG
2018,322,Não,Sim,Não,Não,167602,459.2,Agropecuária,Ponte Nova,Em operação,-20.3488,-42.9148,MG
2018,323,Não,Sim,Não,Não,446939,1224.5,Agropecuária,Rio Verde,Em operação,-17.7925,-50.919444,GO
2017,324,Não,Sim,Não,Não,167602,459.2,Agropecuária,Ponte Nova,Em operação,-20.41694,-42.9025,MG
2018,325,Não,Sim,Não,Não,558674,1530.6,Agropecuária,Sorriso,Em operação,-12.54667,-55.726389,MT
2018,326,Não,Sim,Não,Não,536327,1469.4,Agropecuária,Nova Mutum,Em operação,-13.82222,-56.083333,MT
2018,327,Não,Sim,Não,Não,167602,459.2,Agropecuária,Ponte Nova,Em operação,-20.41694,-42.9025,MG
2018,328,Não,Sim,Não,Não,540200,1480,Agropecuária,Brasilândia,Em operação,-21.2652,-52.0757,MS
2018,329,Não,Sim,Não,Não,167602,459.2,Agropecuária,Itararé,Em operação,-24.10889,-49.335556,SP
2018,330,Não,Sim,Não,Não,167602,459.2,Agropecuária,Itararé,Em operação,-24.10889,-49.335556,SP
2018,331,Não,Sim,Não,Não,167602,459.2,Agropecuária,Itararé,Em operação,-24.10889,-49.335556,SP
2019,332,Não,Sim,Não,Não,446939,1224.5,Agropecuária,Curvelo,Em operação,-18.75306,-44.430556,MG
2018,333,Não,Sim,Não,Não,167602,459.2,Agropecuária,Urucânia,Em operação,-20.3527,-42.7004,MG
2018,334,Não,Sim,Não,Não,558674,1530.6,Agropecuária,Nova Ponte,Em operação,-19.22611,-47.724167,MG
2018,335,Não,Sim,Não,Não,167602,459.2,Agropecuária,Perdizes,Em operação,-19.35167,-47.291389,MG
2018,336,Não,Sim,Não,Não,178776,489.8,Agropecuária,Perdizes,Em operação,-19.35167,-47.291389,MG
2018,337,Não,Sim,Não,Não,502807,1377.6,Agropecuária,Cachoeiro de Itapemirim,Em operação,-20.7004,-41.1836,ES
2018,338,Não,Sim,Não,Não,167602,459.2,Agropecuária,Indaiatuba,Em operação,-23.08806,-47.207778,SP
2018,339,Não,Sim,Não,Não,2234696,6122.5,Agropecuária,Sorriso,Em operação,-12.54667,-55.726389,MT
2018,341,Não,Sim,Não,Não,558674,1530.6,Agropecuária,Jateí,Em operação,-17.88417,-51.7275,MS
2018,343,Não,Sim,Não,Não,167602,459.2,Agropecuária,Arapongas,Em operação,-23.41556,-51.426389,PR
2018,344,Não,Sim,Não,Não,167602,459.2,Agropecuária,Jequeri,Em operação,-20.45444,-42.665278,MG
2018,345,Não,Sim,Não,Não,167602,459.2,Agropecuária,Jequeri,Em operação,-20.45444,-42.665278,MG
2018,346,Não,Sim,Não,Não,335204,918.4,Agropecuária,Mamborê,Em operação,-24.31694,-52.5275,PR
2018,347,Não,Sim,Não,Não,446939,1224.5,Agropecuária,Marilena,Em operação,-22.73389,-53.040556,PR
2018,348,Não,Sim,Não,Não,167602,459.2,Agropecuária,Matipó,Em operação,-20.3704,-42.3587,MG
2018,349,Não,Sim,Não,Não,558674,1530.6,Agropecuária,Sete Lagoas,Em operação,-19.45722,-44.241667,MG
2018,350,Não,Sim,Não,Não,167602,459.2,Agropecuária,Sete Lagoas,Em operação,-19.45722,-44.241667,MG
2018,351,Não,Sim,Não,Não,80449,220.4,Agropecuária,Monte Carmelo,Em operação,-18.72472,-47.504722,MG
2018,352,Não,Sim,Não,Não,167602,459.2,Agropecuária,Perdizes,Em operação,-19.35167,-47.291389,MG
2018,353,Não,Sim,Não,Não,558674,1530.6,Agropecuária,Sorriso,Em operação,-12.54667,-55.726389,MT
2018,354,Não,Sim,Não,Não,167602,459.2,Agropecuária,Patos de Minas,Em operação,-18.6905,-46.4962,MG
2018,355,Não,Sim,Não,Não,167602,459.2,Agropecuária,Jesuânia,Em operação,-21.99833,-45.293333,MG
2018,356,Não,Sim,Não,Não,78214,214.3,Agropecuária,Maracaju,Em operação,-21.61083,-55.168056,MS
2019,357,Não,Sim,Não,Não,167602,459.2,Agropecuária,Esmeraldas,Em operação,-19.76083,-44.313611,MG
2018,358,Não,Sim,Não,Não,167602,459.2,Agropecuária,Uberaba,Em operação,-19.74722,-47.938889,MG
2018,359,Não,Sim,Não,Não,167602,459.2,Agropecuária,Uberlândia,Em operação,-18.9125,-48.275278,MG
2018,360,Não,Sim,Não,Não,167602,459.2,Agropecuária,Uberlândia,Em operação,-18.9125,-48.275278,MG
2018,361,Não,Sim,Não,Não,167602,459.2,Agropecuária,Ituiutaba,Em operação,-18.97444,-49.46,MG
2018,362,Não,Sim,Não,Não,167602,459.2,Agropecuária,Rio Casca,Em operação,-20.22556,-42.649444,MG
2016,363,Não,Sim,Não,Não,335204,918.4,Agropecuária,Jequeri,Em operação,-20.45444,-42.665278,MG
2019,364,Não,Sim,Não,Não,670409,1836.7,Agropecuária,Raul Soares,Em operação,-20.10111,-42.4525,MG
2019,365,Não,Sim,Não,Não,167602,459.2,Agropecuária,Urucânia,Em operação,-20.35083,-42.74,MG
2019,366,Não,Sim,Não,Não,446939,1224.5,Agropecuária,Urucânia,Em operação,-20.35083,-42.74,MG
2019,367,Não,Sim,Não,Não,446939,1224.5,Agropecuária,Urucânia,Em operação,-20.35083,-42.74,MG
2018,368,Não,Sim,Não,Não,2234696,6122.5,Agropecuária,Arinos,Em operação,-15.91167,-46.103889,MG
2019,369,Não,Sim,Não,Não,558674,1530.6,Agropecuária,Torrinha,Em operação,-22.424167,-48.173333,SP
2018,370,Não,Sim,Não,Não,167602,459.2,Agropecuária,Concórdia,Em operação,-27.23306,-52.0275,SC
2018,371,Não,Sim,Não,Não,167602,459.2,Agropecuária,Uberaba,Em operação,-19.74722,-47.938889,MG
2018,372,Não,Sim,Não,Não,167602,459.2,Agropecuária,Uberlândia,Em operação,-18.9125,-48.275278,MG
2018,373,Não,Sim,Não,Não,167602,459.2,Agropecuária,Capinópolis,Em operação,-18.6825,-49.566389,MG
2018,375,Não,Sim,Não,Não,558674,1530.6,Agropecuária,Fortaleza,Em operação,-3.7325,-38.526944,CE
2019,376,Não,Sim,Não,Não,584000,1600,Agropecuária,Toledo,Em operação,-24.631111,-53.791667,PR
2019,377,Não,Sim,Não,Não,167602,459.2,Agropecuária,Toledo,Em operação,-24.725278,-53.741944,PR
2012,378,Não,Sim,Não,Não,371186,1484.7,Indústria,Cafezal do Sul,Em operação,-23.96224,-53.571484,PR
2014,379,Não,Sim,Não,Não,4751186,19004.7,Indústria,Goioerê,Em operação,-24.200107,-52.968731,PR
2019,380,Sim,Sim,Não,Não,478880,1312,Agropecuária,Piraí do Sul,Em operação,-24.539167,-49.940833,PR
2019,385,Não,Sim,Não,Não,513980,1408.2,Agropecuária,Tapurah,Em operação,-12.817,-56.539,MT
2018,386,Não,Sim,Não,Não,517440,1417.6,RSU e Estação de Tratamento de Esgoto,Rio de Janeiro,Em operação,-22.871967,-43.229534,RJ
2017,387,Não,Não,Não,Sim,31025000,85000,RSU e Estação de Tratamento de Esgoto,Fortaleza,Em operação,-3.795577,-38.672395,CE
2018,388,Não,Não,Não,Sim,9125,25,Agropecuária,Concórdia,Em operação,-27.313737,-51.996634,SC
2018,389,Não,Sim,Não,Não,167602,459.2,Agropecuária,Marema,Em operação,-26.830842,-52.6151,SC
2018,390,Não,Sim,Não,Não,446939,1224.5,Agropecuária,Salvador do Sul,Em operação,-29.47995,-51.488039,RS
2018,391,Não,Sim,Não,Não,469286,1285.7,Agropecuária,Rio Verde,Em operação,-17.804001,-50.924042,GO
2018,392,Não,Sim,Não,Não,867598,2377,Agropecuária,Brasília,Em operação,-16.038645,-47.48906,DF
2012,393,Não,Sim,Não,Não,17520000,48000,RSU e Estação de Tratamento de Esgoto,Barra Mansa,Em operação,-22.586471,-44.215488,RJ
2018,395,Não,Sim,Não,Não,469286,1285.7,Agropecuária,Marilena,Em operação,-22.73389,-53.040556,PR
2018,396,Não,Sim,Não,Não,167602,459.2,Agropecuária,Boa Esperança do Iguaçu,Em operação,-25.636944,-53.216111,PR
2018,397,Não,Sim,Não,Não,1501716,4114.3,Agropecuária,Juiz de Fora,Em operação,-21.766965,-43.627213,MG
2018,398,Não,Sim,Não,Não,134082,367.3,Agropecuária,São Miguel do Iguaçu,Em operação,-25.34444,-54.230556,PR
2018,399,Não,Sim,Não,Não,167602,459.2,Agropecuária,Abre Campo,Em operação,-20.321581,-42.513238,MG
2018,400,Não,Sim,Não,Não,201123,551,Agropecuária,Chapecó,Em operação,-27.10083,-52.615556,SC
2018,401,Não,Sim,Não,Não,167602,459.2,Agropecuária,Seara,Em operação,-27.163663,-52.234961,SC
2018,402,Não,Sim,Não,Não,75980,208.2,Agropecuária,São Carlos,Em operação,-27.0166,-53.0636,SC
2018,403,Não,Sim,Não,Não,139445,382,Agropecuária,Entre Rios,Em operação,-26.694243,-52.568139,SC
2018,404,Não,Sim,Não,Não,563143,1542.9,Agropecuária,Santa Rita do Trivelato,Em operação,-14.033068,-55.319366,MT
2018,405,Não,Sim,Não,Não,165949,454.7,Agropecuária,Colina,Em operação,-20.669305,-48.498354,SP
2017,406,Não,Sim,Não,Não,167602,459.2,Agropecuária,Pará de Minas,Em operação,-19.86,-44.6075,MG
2017,407,Não,Sim,Não,Não,167602,459.2,Agropecuária,São José da Varginha,Em operação,-19.70694,-44.557778,MG
2016,409,Não,Sim,Não,Não,194865,533.9,Agropecuária,Palotina,Em operação,-24.28194,-53.834444,PR
2019,410,Não,Sim,Não,Não,1679000,4600,Agropecuária,Entre Rios do Oeste,Em operação,-24.691222,-54.234094,PR
2019,411,Não,Sim,Não,Não,143021,391.8,Agropecuária,Santa Izabel do Oeste,Em operação,-25.82194,-53.480556,PR
2016,413,Não,Sim,Não,Não,34068436,93338.2,RSU e Estação de Tratamento de Esgoto,Fazenda Rio Grande,Em operação,-25.660457,-49.343802,PR
2018,414,Não,Sim,Não,Não,17034218,46669.1,RSU e Estação de Tratamento de Esgoto,Tremembé,Em operação,-22.924445,-45.613168,SP
2015,415,Não,Sim,Não,Não,103402644,517013.2,Indústria,Guariba,Em implantação,-21.419022,-48.288821,SP
2015,416,Não,Sim,Não,Não,79636364,218181.8,RSU e Estação de Tratamento de Esgoto,Barueri,Em implantação,-23.51111,-46.872778,SP
2017,417,Não,Sim,Não,Não,102205309,280014.5,RSU e Estação de Tratamento de Esgoto,Paulínia,Em implantação,-22.775514,-47.202909,SP
2019,418,Não,Sim,Não,Não,109500000,300000,RSU e Estação de Tratamento de Esgoto,Nova Iguaçu,Em operação,-22.674934,-43.477437,RJ
2019,419,Não,Sim,Não,Não,87600000,240000,RSU e Estação de Tratamento de Esgoto,Jaboatão dos Guararapes,Em operação,-8.165712,-34.979149,PE
2015,421,Sim,Sim,Não,Não,52560000,144000,RSU e Estação de Tratamento de Esgoto,São Gonçalo,Em implantação,-22.858161,-42.983564,RJ
2019,422,Sim,Sim,Não,Não,3981818,10909.1,RSU e Estação de Tratamento de Esgoto,Macaé,Em operação,-22.226848,-41.785174,RJ
2011,423,Sim,Sim,Não,Não,268278,735,Agropecuária,Gaurama,Em operação,-27.088097,-52.093244,RS
2018,424,Não,Sim,Não,Não,730000,2000,Agropecuária,Jateí,Em operação,-22.48083,-54.308333,MS
2018,425,Não,Sim,Não,Não,328500,900,Agropecuária,Entre Rios do Oeste,Em operação,-24.706389,-54.243056,PR
2018,426,Não,Sim,Não,Não,361350,990,Agropecuária,Cachoeira Alta,Em operação,-18.75667,-50.943889,GO
2018,427,Não,Sim,Não,Não,292000,800,Agropecuária,Cristais Paulista,Em operação,-20.406389,-47.4225,SP
2018,428,Não,Sim,Não,Não,219000,600,Agropecuária,Nova Santa Rosa,Em operação,-24.46639,-53.955,PR
2018,429,Não,Sim,Não,Não,219000,600,Agropecuária,Pitanga,Em operação,-24.75472,-51.764444,PR
2018,430,Não,Sim,Não,Não,273750,750,Agropecuária,Cafelândia,Em operação,-24.61917,-53.321111,PR
2018,431,Não,Sim,Não,Não,1460000,4000,Agropecuária,Jambeiro,Em operação,-23.25528,-45.693333,SP
2017,432,Não,Sim,Não,Não,292000,800,Agropecuária,Xanxerê,Em operação,-26.875,-52.403889,SC
2017,433,Não,Sim,Não,Não,328500,900,Agropecuária,Jateí,Em operação,-22.48083,-54.308333,MS
2017,444,Não,Sim,Não,Não,438000,1200,Agropecuária,Passos,Em operação,-20.72194,-46.613333,MG
2017,445,Não,Sim,Não,Não,821250,2250,Agropecuária,Cachoeira Alta,Em operação,-18.75667,-50.943889,GO
2017,446,Não,Sim,Não,Não,1168000,3200,Agropecuária,Pequi,Em operação,-19.62889,-44.661667,MG
2017,447,Não,Sim,Não,Não,292000,800,Agropecuária,Tiros,Em operação,-19.00444,-45.962222,MG
2017,448,Não,Sim,Não,Não,109500,300,Agropecuária,Tiros,Em operação,-19.00444,-45.962222,MG
2016,449,Não,Sim,Não,Não,481800,1320,Agropecuária,Clevelândia,Em operação,-26.4075,-52.359722,PR
2016,450,Não,Sim,Não,Não,361350,990,Agropecuária,Rio Verde de Mato Grosso,Em operação,-18.8675,-54.972778,MS
2016,451,Não,Sim,Não,Não,182500,500,Agropecuária,Bauru,Em operação,-22.31444,-49.058611,SP
2016,452,Não,Sim,Não,Não,1715500,4700,Agropecuária,Nova Ubiratã,Em operação,-13.03333,-55.253889,MT
2016,453,Não,Sim,Não,Não,292000,800,Agropecuária,Minduri,Em operação,-21.68,-44.605278,MG
2016,454,Não,Sim,Não,Não,219000,600,Agropecuária,Guaporé,Em operação,-28.84778,-51.89,RS
2015,455,Não,Sim,Não,Não,197100,540,Agropecuária,Arabutã,Em operação,-27.15833,-52.142778,SC
2015,456,Não,Sim,Não,Não,219000,600,Agropecuária,São Miguel do Iguaçu,Em operação,-25.34444,-54.230556,PR
2015,457,Não,Sim,Não,Não,438000,1200,Agropecuária,Ivinhema,Em operação,-22.305,-53.818889,MS
2015,458,Não,Sim,Não,Não,438000,1200,Agropecuária,Patos de Minas,Em operação,-18.58722,-46.514722,MG
2015,459,Não,Sim,Não,Não,182500,500,Agropecuária,Carmo do Rio Claro,Em operação,-20.97306,-46.118333,MG
2015,460,Não,Sim,Não,Não,438000,1200,Agropecuária,Dois Vizinhos,Em operação,-25.74639,-53.061389,PR
2013,461,Não,Sim,Não,Não,481800,1320,Agropecuária,Nova Mutum,Em operação,-13.82222,-56.083333,MT
2013,462,Não,Sim,Não,Não,1460000,4000,Agropecuária,Marechal Cândido Rondon,Em operação,-24.55639,-54.057778,PR
2011,463,Não,Sim,Não,Não,1095000,3000,Agropecuária,Brotas,Em operação,-22.2775,-48.123056,SP
2011,464,Não,Sim,Não,Não,365000,1000,Agropecuária,Passos,Em operação,-20.72194,-46.613333,MG
2011,465,Não,Sim,Não,Não,292000,800,Agropecuária,Capinópolis,Em operação,-18.6825,-49.566389,MG
2011,466,Não,Sim,Não,Não,292000,800,Agropecuária,Santa Helena de Minas,Em operação,-16.93833,-40.683611,MG
2011,467,Não,Sim,Não,Não,292000,800,Agropecuária,Sorriso,Em operação,-12.54667,-55.726389,MT
2011,468,Não,Sim,Não,Não,1460000,4000,Agropecuária,Itu,Em operação,-23.26389,-47.299444,SP
2009,469,Não,Sim,Não,Não,292000,800,Agropecuária,Santa Helena de Goiás,Em operação,-17.81194,-50.598056,GO
2009,470,Não,Sim,Não,Não,821250,2250,Agropecuária,Rio Verde de Mato Grosso,Em operação,-18.92528,-54.843611,MS
2013,471,Não,Sim,Não,Não,1027960,2816.3,Agropecuária,Patos de Minas,Em operação,-18.745657,-46.663148,MG
2016,472,Não,Não,Não,Sim,127750,350,Agropecuária,Patos de Minas,Em operação,-18.745657,-46.663148,MG
2016,474,Não,Sim,Não,Não,167602,459.2,Agropecuária,Juiz de Fora,Em operação,-21.76222,-43.343611,MG
2019,475,Não,Sim,Não,Não,513980,1408.2,Agropecuária,Patos de Minas,Em operação,-18.58722,-46.514722,MG
2016,476,Não,Sim,Não,Não,402245,1102,Agropecuária,Patos de Minas,Em operação,-18.58722,-46.514722,MG
2019,477,Não,Sim,Não,Não,1541940,4224.5,Agropecuária,São João da Ponte,Em operação,-15.92472,-44.007778,MG
2019,479,Não,Sim,Não,Não,167602,459.2,Agropecuária,Raul Soares,Em operação,-20.10111,-42.4525,MG
2019,480,Não,Sim,Não,Não,167602,459.2,Agropecuária,Santa Helena,Em operação,-24.85833,-54.336389,PR
2019,481,Não,Sim,Não,Não,446939,1224.5,Agropecuária,Medianeira,Em operação,-25.29528,-54.093056,PR
2019,482,Não,Sim,Não,Não,536327,1469.4,Agropecuária,Rondonópolis,Em operação,-16.46528,-54.638611,MT
2019,484,Não,Sim,Não,Não,893878,2449,Agropecuária,Santa Vitória,Em operação,-18.84722,-50.123889,MG
2019,485,Não,Sim,Não,Não,107265,293.9,Agropecuária,Passos,Em operação,-20.7543,-46.4273,MG
2019,487,Não,Sim,Não,Não,268163,734.7,Agropecuária,Araguari,Em operação,-18.64583,-48.197778,MG
2019,488,Não,Sim,Não,Não,167602,459.2,Agropecuária,Araguari,Em operação,-18.64583,-48.197778,MG
2019,489,Não,Sim,Não,Não,268163,734.7,Agropecuária,Arcos,Em operação,-20.29111,-45.5475,MG
2019,490,Não,Sim,Não,Não,268163,734.7,Agropecuária,Buritis,Em operação,-15.62861,-46.429722,MG
2015,491,Não,Sim,Não,Não,536327,1469.4,Agropecuária,Caibi,Em implantação,-27.07556,-53.249167,SC
2019,492,Não,Sim,Não,Não,1644736,4506.1,Agropecuária,Campo Grande,Em operação,-20.46944,-54.62,MS
2019,493,Não,Sim,Não,Não,268163,734.7,Agropecuária,Cruzeiro da Fortaleza,Em operação,-18.94694,-46.673056,MG
2019,494,Não,Sim,Não,Não,268163,734.7,Agropecuária,Divinópolis,Em operação,-20.10333,-44.971667,MG
2019,495,Não,Sim,Não,Não,178776,489.8,Agropecuária,Dourados,Em operação,-22.22333,-54.8125,MS
2019,496,Não,Sim,Não,Não,357551,979.6,Agropecuária,Inhumas,Em operação,-16.37306,-49.491667,GO
2019,497,Não,Sim,Não,Não,167602,459.2,Agropecuária,Ipumirim,Em operação,-27.07528,-52.134444,SC
2019,498,Não,Sim,Não,Não,178776,489.8,Agropecuária,Ituiutaba,Em operação,-18.97444,-49.46,MG
2019,499,Não,Sim,Não,Não,589960,1616.3,Agropecuária,Lagoa Formosa,Em operação,-18.77472,-46.406111,MG
2019,501,Não,Sim,Não,Não,536327,1469.4,Agropecuária,Luziânia,Em operação,-16.253,-47.95,GO
2019,502,Não,Sim,Não,Não,214531,587.8,Agropecuária,Marechal Cândido Rondon,Em operação,-24.55639,-54.057778,PR
2019,504,Não,Sim,Não,Não,312857,857.1,Agropecuária,Monte Alegre de Minas,Em operação,-18.87278,-48.876944,MG
2019,507,Não,Sim,Não,Não,357551,979.6,Agropecuária,Orizona,Em operação,-17.03361,-48.3075,GO
2019,508,Não,Sim,Não,Não,357551,979.6,Agropecuária,Patos de Minas,Em operação,-18.58722,-46.514722,MG
2019,509,Não,Sim,Não,Não,268163,734.7,Agropecuária,Patrocínio,Em operação,-18.93778,-46.994167,MG
2019,510,Não,Sim,Não,Não,268163,734.7,Agropecuária,Prata,Em operação,-19.31,-48.9275,MG
2019,511,Não,Sim,Não,Não,357551,979.6,Agropecuária,Prata,Em operação,-19.31,-48.9275,MG
2018,512,Não,Sim,Não,Não,643592,1763.3,Agropecuária,Santa Helena,Em operação,-24.85833,-54.336389,PR
2019,513,Não,Sim,Não,Não,625715,1714.3,Agropecuária,São Gotardo,Em operação,-19.31056,-46.048889,MG
2019,514,Não,Sim,Não,Não,268163,734.7,Agropecuária,São Miguel do Iguaçu,Em operação,-25.34444,-54.230556,PR
2019,515,Não,Sim,Não,Não,268163,734.7,Agropecuária,Serra do Salitre,Em operação,-19.11056,-46.679167,MG
2019,516,Não,Sim,Não,Não,715103,1959.2,Agropecuária,Tupaciguara,Em operação,-18.59361,-48.704167,MG
2019,517,Não,Sim,Não,Não,268163,734.7,Agropecuária,Uberlândia,Em operação,-18.9125,-48.275278,MG
2019,518,Não,Sim,Não,Não,268163,734.7,Agropecuária,Uberlândia,Em operação,-18.9125,-48.275278,MG
2019,520,Não,Sim,Não,Não,268163,734.7,Agropecuária,Uberlândia,Em operação,-18.9125,-48.275278,MG
2019,521,Não,Sim,Não,Não,357551,979.6,Agropecuária,Uberlândia,Em operação,-18.9125,-48.275278,MG
2019,522,Não,Sim,Não,Não,536327,1469.4,Agropecuária,Uberlândia,Em operação,-18.9125,-48.275278,MG
2019,524,Não,Sim,Não,Não,268163,734.7,Agropecuária,Uberlândia,Em operação,-18.9125,-48.275278,MG
2019,525,Não,Sim,Não,Não,268163,734.7,Agropecuária,Veríssimo,Em operação,-19.66583,-48.308333,MG
2019,526,Não,Sim,Não,Não,167602,459.2,Agropecuária,Xavantina,Em operação,-27.01722,-52.34,SC
2019,527,Não,Sim,Não,Não,730000,2000,Agropecuária,Carambeí,Em operação,-24.95056,-50.121111,PR
2019,528,Não,Sim,Não,Não,134082,367.3,Agropecuária,São José da Varginha,Em operação,-19.70694,-44.557778,MG
2019,529,Não,Sim,Não,Não,83450,228.6,Agropecuária,Pouso Alegre,Em operação,-22.24778,-45.941944,MG
2013,530,Não,Sim,Não,Não,15753,43.2,Agropecuária,Ilicínea,Em operação,-22.24778,-45.941944,MG
2013,531,Não,Sim,Não,Não,89388,244.9,Agropecuária,Ibiúna,Em operação,-23.65806,-47.211111,SP
2017,532,Não,Sim,Não,Não,180000,493.2,Agropecuária,Tupã,Em operação,-21.93389,-50.519444,SP
2019,533,Não,Sim,Não,Não,178776,489.8,Agropecuária,Janiópolis,Em operação,-24.14139,-52.776111,PR
2017,534,Não,Sim,Não,Não,178776,489.8,Agropecuária,Rio Verde,Em operação,-17.7925,-50.919444,GO
2014,535,Não,Sim,Não,Não,178776,489.8,Agropecuária,Rio Verde,Em operação,-17.7925,-50.919444,GO
2014,536,Não,Sim,Não,Não,178776,489.8,Agropecuária,Rio Verde,Em operação,-18.184722,-50.986389,GO
2017,537,Não,Sim,Não,Não,178776,489.8,Agropecuária,Rio Verde,Em operação,-17.7925,-50.919444,GO
2007,538,Não,Sim,Não,Não,178776,489.8,Agropecuária,Rio Verde,Em operação,-17.887545,-51.064658,GO
2003,539,Não,Sim,Não,Não,178776,489.8,Agropecuária,Rio Verde,Em operação,-17.863694,-51.12822,GO
2012,540,Não,Sim,Não,Não,178776,489.8,Agropecuária,Rio Verde,Em operação,-17.7925,-50.919444,GO
2013,541,Não,Sim,Não,Não,178776,489.8,Agropecuária,Rio Verde,Em operação,-17.7925,-50.919444,GO
2011,542,Não,Sim,Não,Não,200229,548.6,Agropecuária,Rio Verde,Em operação,-17.7925,-50.919444,GO
2011,543,Não,Sim,Não,Não,200229,548.6,Agropecuária,Rio Verde,Em operação,-17.7925,-50.919444,GO
2004,544,Não,Sim,Não,Não,200229,548.6,Agropecuária,Rio Verde,Em operação,-17.362242,-50.670107,GO
2009,545,Não,Sim,Não,Não,200229,548.6,Agropecuária,Montividiu,Em operação,-17.44417,-51.173056,GO
2011,546,Não,Sim,Não,Não,200229,548.6,Agropecuária,Turvelândia,Em operação,-17.84917,-50.304167,GO
2015,547,Não,Sim,Não,Não,200229,548.6,Agropecuária,Montividiu,Em operação,-17.44417,-51.173056,GO
2017,548,Não,Sim,Não,Não,232408,636.7,Agropecuária,Rio Verde,Em operação,-17.546706,-51.423861,GO
2017,549,Não,Sim,Não,Não,268163,734.7,Agropecuária,Rio Verde,Em operação,-17.535446,-50.756566,GO
2010,550,Não,Sim,Não,Não,446939,1224.5,Agropecuária,Bom Jesus de Goiás,Em operação,-18.2175,-49.740278,GO
2010,551,Não,Sim,Não,Não,1072654,2938.8,Agropecuária,Aparecida do Rio Doce,Em operação,-18.286146,-51.096369,GO
2018,552,Não,Sim,Não,Não,292000,800,Agropecuária,Carmo do Rio Claro,Em operação,-20.97389,-46.118333,MG
2018,554,Não,Sim,Não,Não,167602,459.2,Agropecuária,Santa Juliana,Em operação,-19.306741,-47.560134,MG
2018,555,Não,Sim,Não,Não,616776,1689.8,Agropecuária,Sorriso,Em operação,-12.54667,-55.726389,MT
2018,556,Não,Sim,Não,Não,616776,1689.8,Agropecuária,Tapurah,Em operação,-12.74306,-56.511667,MT
2018,557,Não,Sim,Não,Não,172072,471.4,Agropecuária,Catuípe,Em operação,-28.25444,-54.012778,RS
2018,558,Não,Sim,Não,Não,194865,533.9,Agropecuária,São Manuel,Em operação,-22.74111,-48.574167,SP
2018,559,Não,Sim,Não,Não,438000,1200,Agropecuária,Patos de Minas,Em operação,-18.58722,-46.514722,MG
2018,560,Não,Sim,Não,Não,134082,367.3,Agropecuária,Abre Campo,Em operação,-20.288509,-42.474274,MG
2019,561,Sim,Sim,Não,Não,3981818,10909.1,RSU e Estação de Tratamento de Esgoto,Campos dos Goytacazes,Em operação,-21.765556,-41.313056,RJ
2019,562,Não,Sim,Não,Não,429062,1175.5,Agropecuária,Capela do Alto,Em operação,-23.46889,-47.739167,SP
2004,563,Sim,Não,Não,Não,191625,525,Agropecuária,Castro,Em operação,-24.727222,-49.901111,PR
2019,564,Não,Sim,Não,Não,328500,900,Agropecuária,Concórdia,Em operação,-27.250211,-51.982051,SC
2017,565,Não,Sim,Não,Não,214531,587.8,Agropecuária,Conselheiro Lafaiete,Em operação,-20.66389,-43.785,MG
2019,566,Não,Sim,Não,Não,219000,600,Agropecuária,Corinto,Em operação,-18.364444,-44.451944,MG
2019,567,Não,Sim,Não,Não,446939,1224.5,Agropecuária,Coromandel,Em operação,-18.47861,-47.197778,MG
2019,568,Não,Sim,Não,Não,219000,600,Agropecuária,Dois Vizinhos,Em operação,-25.74639,-53.061389,PR
2019,569,Não,Sim,Não,Não,167602,459.2,Agropecuária,Entre Rios do Oeste,Em operação,-24.706389,-54.243056,PR
2016,570,Não,Sim,Não,Não,8541,23.4,Agropecuária,Espumoso,Em operação,-28.72444,-52.844167,RS
2012,571,Não,Sim,Não,Não,469286,1285.7,Agropecuária,Farroupilha,Em operação,-29.22306,-51.342222,RS
2019,572,Não,Sim,Não,Não,9588218,26269.1,RSU e Estação de Tratamento de Esgoto,Igarassu,Em operação,-7.829167,-34.901389,PE
2019,573,Não,Sim,Não,Não,167602,459.2,Agropecuária,Inimutaba,Em operação,-18.7275,-44.358611,MG
2019,574,Não,Sim,Não,Não,167602,459.2,Agropecuária,Inimutaba,Em operação,-18.7275,-44.358611,MG
2019,575,Não,Sim,Não,Não,219000,600,Agropecuária,Itaguara,Em operação,-20.38611,-44.476944,MG
2019,576,Não,Sim,Não,Não,214531,587.8,Agropecuária,Itatiba,Em operação,-23.00722,-46.818333,SP
2019,577,Não,Sim,Não,Não,245817,673.5,Agropecuária,Ivinhema,Em operação,-22.236014,-53.868969,MS
2018,579,Não,Sim,Não,Não,167602,459.2,Agropecuária,Jaguaruna,Em operação,-28.61861,-49.025,SC
2019,580,Não,Sim,Não,Não,165367,453.1,Agropecuária,Jateí,Em operação,-22.48083,-54.308333,MS
2019,581,Não,Sim,Não,Não,26280000,72000,RSU e Estação de Tratamento de Esgoto,João Pessoa,Em operação,-7.119444,-34.845,PB
2019,582,Não,Sim,Não,Não,730000,2000,Agropecuária,Laguna Carapã,Em operação,-22.55222,-55.151111,MS
2019,583,Não,Sim,Não,Não,26280000,72000,RSU e Estação de Tratamento de Esgoto,Manaus,Em operação,-3.118889,-60.021667,AM
2019,584,Não,Sim,Não,Não,219000,600,Agropecuária,Marechal Cândido Rondon,Em operação,-24.55639,-54.556389,PR
2017,585,Não,sim,Não,Não,53633,146.9,Agropecuária,Miracema do Tocantins,Em operação,-9.565556,-48.393056,TO
2019,586,Não,Sim,Não,Não,1168000,3200,Agropecuária,Morada Nova de Minas,Em operação,-18.60389,-45.358056,MG
2015,587,Não,Sim,Não,Sim,22759000,113795,Indústria,Narandiba,Em implantação,-22.531389,-51.502778,SP
2015,588,Não,sim,Não,Não,2482000,6800,RSU e Estação de Tratamento de Esgoto,Niterói,Em implantação,-22.891276,-43.072542,RJ
2019,589,Não,sim,Não,Não,3289472,9012.3,Agropecuária,Nova Mutum,Em operação,-13.82222,-56.083333,MT
2019,590,Não,sim,Não,Não,616776,1689.8,Agropecuária,Nova Mutum,Em operação,-13.82222,-56.083333,MT
2017,592,Não,sim,Não,Não,167602,459.2,Agropecuária,Pará de Minas,Em operação,-18.58722,-46.514722,MG
2016,593,Não,sim,Não,Não,134082,367.3,Agropecuária,São José da Varginha,Em operação,-19.778837,-44.583054,MG
2019,594,Não,sim,Não,Não,364720,999.2,Agropecuária,São José da Varginha,Em operação,-19.776454,-44.578524,MG
2017,595,Não,sim,Não,Não,134082,367.3,Agropecuária,Pará de Minas,Em operação,-18.58722,-46.514722,MG
2018,596,Não,sim,Não,Não,134082,367.3,Agropecuária,Pará de Minas,Em operação,-18.58722,-46.514722,MG
2019,597,Não,sim,Não,Não,134082,367.3,Agropecuária,Pará de Minas,Em operação,-18.58722,-46.514722,MG
2019,598,Não,sim,Não,Não,167602,459.2,Agropecuária,Pará de Minas,Em operação,-18.58722,-46.514722,MG
2019,599,Não,Sim,Não,Não,167602,459.2,Agropecuária,Pará de Minas,Em operação,-18.58722,-46.514722,MG
2019,600,Não,Sim,Não,Não,167602,459.2,Agropecuária,Pará de Minas,Em operação,-18.58722,-46.514722,MG
2018,601,Não,Sim,Não,Não,2024203,8096.8,Indústria,Paranavaí,Em operação,-23.083266,-52.615735,PR
2015,602,Não,Sim,Não,Não,1083380,2968.2,Agropecuária,Patos de Minas,Em operação,-18.747689,-46.661892,MG
2019,603,Sim,Sim,Não,Não,174306,477.6,Agropecuária,Pequi,Em operação,-19.62889,-44.661667,MG
2019,604,Não,Sim,Não,Não,3902182,10690.9,RSU e Estação de Tratamento de Esgoto,Petrolina,Em operação,-9.368271,-40.501655,PE
2019,605,Não,Sim,Não,Não,165949,454.7,Agropecuária,Pinhal,Em operação,-27.51111,-53.215,RS
2019,606,Não,Sim,Não,Não,167602,459.2,Agropecuária,Piranga,Em operação,-20.68389,-43.296944,MG
2019,607,Não,Sim,Não,Não,438000,1200,Agropecuária,Pontalina,Em operação,-17.52278,-49.449167,GO
2016,608,Não,Sim,Não,Não,1051200,2880,RSU e Estação de Tratamento de Esgoto,Pouso Alto,Em operação,-22.19722,-44.972778,MG
2019,609,Não,Sim,Não,Não,168943,462.9,Agropecuária,Rio Verde,Em operação,-17.7925,-50.919444,GO
2019,610,Não,Sim,Não,Não,4204800,11520,RSU e Estação de Tratamento de Esgoto,Rosário,Em operação,-2.940833,-44.249167,MA
2017,611,Não,Sim,Não,Não,213400,584.7,Agropecuária,Santo Cristo,Em operação,-27.826111,-54.663056,RS
2019,612,Não,Sim,Não,Não,167602,459.2,Agropecuária,São José da Varginha,Em operação,-19.70694,-44.557778,MG
2019,613,Não,Sim,Não,Não,214531,587.8,Agropecuária,São José do Rio Pardo,Em operação,-21.60222,-46.901944,SP
2018,615,Sim,Não ,Não,Não,61550,168.6,Agropecuária,São Miguel do Iguaçu,Em operação,-25.371992,-54.198326,PR
2015,616,Sim,Não ,Não,Não,21600,59.2,Agropecuária,Serafina Corrêa,Em operação,-28.70861,-51.939722,RS
2015,617,Sim,Não,Não,Não,231348,633.8,Agropecuária,Serafina Corrêa,Em operação,-28.70861,-51.939722,RS
2019,618,Sim,Não,Não,Não,230174,630.6,Agropecuária,Sorriso,Em operação,-12.54667,-55.726389,MT
2019,619,Sim,Não,Não,Não,616776,1689.8,Agropecuária,Tapurah,Em operação,-12.74306,-56.511667,MT
2014,620,Sim,Não,Não,Não,401500,1100,Indústria,Toledo,Em operação,-24.689107,-53.832814,PR
2018,621,Não,Sim,Não,Não,350400,960,Agropecuária,Toledo,Em operação,-24.656667,-53.879444,PR
2019,622,Não,Sim,Não,Não,292000,800,Agropecuária,Três Barras do Paraná,Em operação,-25.421667,-53.184167,PR
2019,623,Não,Sim,Não,Não,438000,1200,Agropecuária,Três Passos,Em operação,-27.45583,-53.93,RS
2019,624,Não,Sim,Não,Não,1168000,3200,Agropecuária,Uberlândia,Em operação,-18.9125,-48.275278,MG
2018,625,Não,Sim,Não,Não,167602,459.2,Agropecuária,Urucânia,Em operação,-20.35083,-42.74,MG
2018,626,Não,Sim,Não,Não,214531,587.8,Agropecuária,Urucânia,Em operação,-20.35083,-42.74,MG
2018,627,Não,Sim,Não,Não,214531,587.8,Agropecuária,Urucânia,Em operação,-20.35083,-42.74,MG
2015,629,Não,Sim,Não,Não,12373500,33900,RSU e Estação de Tratamento de Esgoto,Cariacica,Em implantação,-20.240556,-40.378333,ES
2019,630,Não,Sim,Não,Não,410625,1125,Agropecuária,Xanxerê,Em operação,-26.875,-52.403889,SC
2019,631,Não,Sim,Não,Não,167602,459.2,Agropecuária,Xanxerê,Em operação,-26.774223,-52.46433,SC
2018,632,Não,Sim,Não,Não,481800,1320,Agropecuária,Xavantina,Em operação,-27.01722,-52.34,SC
2015,633,Sim,Não,Não,Não,87300,239.2,Agropecuária,Serafina Corrêa,Em reforma,-28.70861,-51.939722,RS
2015,634,Sim,Sim,Não,Não,109500,300,Agropecuária,Serafina Corrêa,Em operação,-28.6739,-51.8912,RS
2015,635,Não,Sim,Não,Sim,4772375,13075,Agropecuária,Castro,Em implantação,-24.716389,-49.993333,PR
2019,636,Não,Sim,Não,Não,166261,455.5,Agropecuária,Piracicaba,Em operação,-22.73556,-47.647778,SP
2015,637,Sim,Sim,Não,Sim,707370,1938,Agropecuária,Piraí do Sul,Em implantação,-24.488333,-49.844444,PR
2019,638,Não,Sim,Não,Não,1117348,3061.2,Agropecuária,Santa Vitória,Em operação,-18.84722,-50.123889,MG
2019,639,Sim,Não,Não,Não,594950,1630,Indústria,Maringá,Em operação,-23.42083,-51.933056,PR
2019,641,Sim,Não,Não,Não,1752000,4800,Indústria,Vila Maria,Em operação,-28.53417,-52.154722,RS
2015,642,Sim,Não,Não,Não,4380000,12000,Indústria,Maripá,Em operação,-24.42028,-53.828889,PR
2018,643,Não,Sim,Não,Não,2628000,7200,Indústria,Andirá,Em operação,-23.04778,-50.230556,PR
2019,644,Sim,Não,Não,Não,9636000,26400,Indústria,Palmital,Em operação,-22.78778,-50.219722,SP
2015,645,Sim,Não,Não,Não,4380000,12000,Indústria,Paranavaí,Em implantação,-23.08194,-52.461944,PR
2015,646,Sim,Não,Não,Não,1752000,4800,Indústria,Presidente Prudente,Em implantação,-22.13722,-51.388889,SP
2015,647,Sim,Não,Não,Não,876000,2400,Indústria,Tangará,Em implantação,-27.10333,-51.245,SC
2015,648,Sim,Não,Não,Não,876000,2400,Indústria,Arapongas,Em implantação,-23.41556,-51.426389,PR
2016,649,Não,Sim,Não,Não,10750909,29454.5,RSU e Estação de Tratamento de Esgoto,Cabreúva,Em operação,-23.310828,-47.15755,SP
2019,651,Não,Sim,Não,Não,1051200,2880,Indústria,Viamão,Em operação,-30.175379,-50.870767,RS
2019,652,Não,Sim,Não,Não,341640,936,Indústria,Porto Alegre,Em operação,-30.03444,-51.2175,RS
2019,653,Não,Sim,Não,Não,963600,2640,Indústria,Guarulhos,Em operação,-23.45417,-46.533611,SP
2019,654,Não,Sim,Não,Não,1051200,2880,Indústria,Ponta Grossa,Em operação,-25.09917,-50.158056,PR
2014,655,Sim,Não,Não,Não,2803200,7680,Indústria,Rio de Janeiro,Em operação,-22.90667,-43.172778,RJ
2019,656,Sim,Não,Não,Não,9636000,26400,Indústria,Marechal Cândido Rondon,Em operação,-24.561252,-54.035081,PR
2019,342,Não,Sim,Não,Não,167602,459.2,Agropecuária,Glória de Dourados,Em operação,-22.4175,-54.230833,MS
